Unnamed: 0,name,company,year,Price,kms_driven,fuel_type,predicted_price
0,Hyundai Santro Xing,Hyundai,2007,80000,45000,Petrol,109073.92241451144
1,Mahindra Jeep CL550,Mahindra,2006,425000,40,Diesel,224310.59875959903
2,Hyundai Grand i10,Hyundai,2014,325000,28000,Petrol,347881.861192964
3,Ford EcoSport Titanium,Ford,2014,575000,36000,Diesel,548951.7004213035
4,Ford Figo,Ford,2012,175000,41000,Diesel,177325.46808208525
5,Hyundai Eon,Hyundai,2013,190000,25000,Petrol,173610.37621904165
6,Ford EcoSport Ambiente,Ford,2016,830000,24530,Diesel,830205.5642472655
7,Maruti Suzuki Alto,Maruti,2015,250000,60000,Petrol,231139.97085103393
8,Skoda Fabia Classic,Skoda,2010,182000,60000,Petrol,183088.4770546034
9,Maruti Suzuki Stingray,Maruti,2015,315000,30000,Petrol,315377.4585432112
10,Hyundai Elite i20,Hyundai,2014,415000,32000,Petrol,435583.9580296427
11,Mahindra Scorpio SLE,Mahindra,2015,320000,48660,Diesel,525146.5582807213
12,Hyundai Santro Xing,Hyundai,2007,80000,45000,Petrol,109073.92241451144
13,Mahindra Jeep CL550,Mahindra,2006,425000,40,Diesel,224310.59875959903
14,Audi A8,Audi,2017,1000000,4000,Petrol,999774.2557495162
15,Audi Q7,Audi,2014,500000,16934,Diesel,495134.9754251465
16,Mahindra Scorpio S10,Mahindra,2016,350000,43000,Diesel,592190.4535182565
17,Maruti Suzuki Alto,Maruti,2014,160000,35550,Petrol,214615.58476052433
18,Mahindra Scorpio S10,Mahindra,2016,350000,43000,Diesel,592190.4535182565
19,Mahindra Scorpio S10,Mahindra,2016,310000,39522,Diesel,592751.307218574
20,Maruti Suzuki Alto,Maruti,2015,75000,39000,Petrol,234526.37904728204
21,Hyundai i20 Sportz,Hyundai,2012,100000,55000,Petrol,254649.1708665192
22,Hyundai i20 Sportz,Hyundai,2012,100000,55000,Petrol,254649.1708665192
23,Hyundai i20 Sportz,Hyundai,2012,100000,55000,Petrol,254649.1708665192
24,Maruti Suzuki Alto,Maruti,2017,190000,72000,Petrol,270139.1460054442
25,Maruti Suzuki Vitara,Maruti,2016,290000,15975,Diesel,560840.6199831143
26,Maruti Suzuki Alto,Maruti,2008,95000,70000,Petrol,86257.4660865292
27,Mahindra Bolero DI,Mahindra,2017,180000,23452,Diesel,226425.15874176472
28,Maruti Suzuki Swift,Maruti,2014,385000,35522,Diesel,322068.1438552514
29,Mahindra Scorpio S10,Mahindra,2015,250000,48508,Diesel,570835.1142495126
30,Maruti Suzuki Swift,Maruti,2017,180000,15487,Petrol,371658.3996577114
31,Maruti Suzuki Wagon,Maruti,2013,105000,39000,Petrol,220691.8918961957
32,Maruti Suzuki Wagon,Maruti,2013,105000,39000,Petrol,220691.8918961957
33,Toyota Innova 2.0,Toyota,2012,650000,82000,Diesel,620873.5383460373
34,Renault Lodgy 85,Renault,2018,689999,20000,Diesel,688879.3248121142
35,Skoda Yeti Ambition,Skoda,2012,448000,68000,Diesel,446325.2914838046
36,Maruti Suzuki Baleno,Maruti,2017,549000,32000,Diesel,555595.1915503889
37,Renault Duster 110,Renault,2012,501000,38000,Diesel,473690.45500171185
38,Renault Duster 85,Renault,2013,489999,27000,Diesel,498431.48945866525
39,Honda City 1.5,Honda,2011,280000,33000,Petrol,307686.3171154186
40,Maruti Suzuki Alto,Maruti,2015,250000,60000,Petrol,231139.97085103393
41,Maruti Suzuki Dzire,Maruti,2013,349999,46000,Diesel,366725.47616445273
42,Honda Amaze,Honda,2013,284999,46000,Diesel,289118.1888086498
43,Honda Amaze 1.5,Honda,2015,345000,36000,Diesel,305898.6962793097
44,Honda City,Honda,2015,499999,55000,Petrol,524999.4654273614
45,Datsun Redi GO,Datsun,2017,235000,16000,Petrol,240303.2888278365
46,Maruti Suzuki SX4,Maruti,2010,249999,36000,Petrol,377001.50185572356
47,Mitsubishi Pajero Sport,Mitsubishi,2015,1475000,47000,Diesel,1555288.9187644124
48,Mahindra Bolero DI,Mahindra,2017,180000,23452,Diesel,226425.15874176472
49,Maruti Suzuki Swift,Maruti,2014,385000,35522,Diesel,322068.1438552514
50,Mahindra Scorpio S10,Mahindra,2015,250000,48508,Diesel,570835.1142495126
51,Maruti Suzuki Swift,Maruti,2017,180000,15487,Petrol,371658.3996577114
52,Maruti Suzuki Wagon,Maruti,2013,105000,39000,Petrol,220691.8918961957
53,Maruti Suzuki Wagon,Maruti,2013,105000,39000,Petrol,220691.8918961957
54,Mahindra Scorpio S10,Mahindra,2015,395000,35000,Diesel,573013.3810073659
55,Maruti Suzuki Swift,Maruti,2017,220000,30874,Petrol,369177.12999506295
56,Honda City ZX,Honda,2017,170000,15000,Diesel,314722.6676494777
57,Maruti Suzuki Wagon,Maruti,2013,85000,29685,Petrol,222194.00581753254
58,Ford Figo,Ford,2012,175000,41000,Diesel,177325.46808208525
59,Hyundai Eon,Hyundai,2013,190000,25000,Petrol,173610.37621904165
60,Tata Indigo eCS,Tata,2017,200000,130000,Diesel,253925.64391599596
61,Ford EcoSport Ambiente,Ford,2016,830000,24530,Diesel,830205.5642472655
62,Tata Indigo eCS,Tata,2017,200000,130000,Diesel,253925.64391599596
63,Mahindra Scorpio SLE,Mahindra,2012,570000,19000,Diesel,468528.0583856851
64,Volkswagen Polo Highline,Volkswagen,2014,315000,60000,Petrol,316088.01969959587
65,Skoda Fabia Classic,Skoda,2010,182000,60000,Petrol,183088.4770546034
66,Maruti Suzuki Stingray,Maruti,2015,315000,30000,Petrol,315377.4585432112
67,Chevrolet Spark LS,Chevrolet,2010,110000,41000,Petrol,102057.41611634195
68,Renault Duster 110PS,Renault,2012,501000,35000,Diesel,499850.0441142097
69,Honda City,Honda,2015,448999,54000,Petrol,525160.7229605168
70,Mini Cooper S,Mini,2013,1891111,13000,Petrol,1890672.8541892692
71,Datsun Redi GO,Datsun,2017,235000,16000,Petrol,240303.2888278365
72,Skoda Fabia 1.2L,Skoda,2011,159500,38200,Diesel,156368.95928490162
73,Honda Amaze,Honda,2015,344999,22000,Petrol,318880.697953932
74,Honda Amaze,Honda,2015,344999,22000,Petrol,318880.697953932
75,Renault Duster,Renault,2014,449999,50000,Diesel,518938.1070720628
76,Mini Cooper S,Mini,2013,1891111,13500,Petrol,1890592.2254226953
77,Mahindra Scorpio S4,Mahindra,2015,865000,30000,Diesel,838516.6401615068
78,Mahindra Scorpio VLX,Mahindra,2014,699000,50000,Diesel,626399.8272400573
79,Mahindra Quanto C8,Mahindra,2013,375000,20000,Diesel,365709.52093596756
80,Ford EcoSport,Ford,2017,489999,39000,Petrol,487658.447214596
81,Honda Brio,Honda,2012,224999,30000,Petrol,226008.45505260676
82,Volkswagen Vento Highline,Volkswagen,2019,1200000,3600,Diesel,916656.3395766988
83,Hyundai i20 Magna,Hyundai,2009,195000,32000,Petrol,197418.41906955093
84,Toyota Corolla Altis,Toyota,2010,351000,38000,Diesel,352058.87512139976
85,Hyundai Verna Transform,Hyundai,2008,160000,45000,Petrol,237971.6768936664
86,Toyota Corolla Altis,Toyota,2009,240000,35000,Petrol,317033.57774202526
87,Honda City 1.5,Honda,2005,90000,50000,Petrol,182142.14239496738
88,Hyundai Elite i20,Hyundai,2014,415000,32000,Petrol,435583.9580296427
89,Skoda Fabia 1.2L,Skoda,2011,155000,45863,Diesel,155133.24280834198
90,BMW 3 Series,BMW,2011,600000,60500,Petrol,829732.7485421523
91,Maruti Suzuki A,Maruti,2011,189500,12500,Petrol,190400.50077500194
92,Toyota Etios GD,Toyota,2013,350000,60000,Diesel,315469.050273709
93,Ford Figo Diesel,Ford,2012,210000,35000,Diesel,185539.84081490338
94,Maruti Suzuki Swift,Maruti,2014,390000,35000,Petrol,307110.383084856
95,Chevrolet Beat LT,Chevrolet,2012,135000,45000,Diesel,141387.5709521398
96,BMW 7 Series,BMW,2009,1600000,35000,Petrol,1600805.1987862661
97,Mahindra XUV500 W8,Mahindra,2013,701000,38000,Diesel,751327.8247139081
98,Hyundai i10 Magna,Hyundai,2014,265000,18000,Petrol,365651.4439656362
99,Hyundai Verna Fluidic,Hyundai,2015,525000,35000,Diesel,493106.5579648167
100,Maruti Suzuki Swift,Maruti,2013,372000,13349,Petrol,290134.63715905696
101,Maruti Suzuki Ertiga,Maruti,2016,635000,29000,Petrol,612103.43773105
102,Ford EcoSport Titanium,Ford,2014,550000,44000,Diesel,547661.6401560679
103,Maruti Suzuki Ertiga,Maruti,2016,575000,29000,Petrol,612103.43773105
104,Maruti Suzuki Ertiga,Maruti,2013,485000,42000,Diesel,563647.6286743358
105,Maruti Suzuki Alto,Maruti,2012,155000,14000,Petrol,177156.41904774308
106,Hyundai Grand i10,Hyundai,2014,345000,49000,Diesel,359537.39019942284
107,Honda Amaze 1.2,Honda,2014,325000,42000,Petrol,335481.3283287138
108,Hyundai i20 Asta,Hyundai,2012,329500,36200,Diesel,340017.0265077576
109,Ford Figo Diesel,Ford,2014,195000,50000,Diesel,224055.24336984754
110,Maruti Suzuki Eeco,Maruti,2015,251111,55000,Petrol,267834.05159029365
111,Maruti Suzuki Ertiga,Maruti,2014,569999,45000,Petrol,568589.0516483039
112,Maruti Suzuki Esteem,Maruti,2007,69999,51000,Petrol,115294.8659413755
113,Maruti Suzuki Ritz,Maruti,2014,299999,19000,Petrol,269442.18550299853
114,Maruti Suzuki Dzire,Maruti,2009,220000,46000,Petrol,269815.0078572035
115,Maruti Suzuki Ritz,Maruti,2013,399999,33000,Diesel,261759.38446540385
116,Maruti Suzuki Swift,Maruti,2013,372000,13349,Petrol,290134.63715905696
117,Maruti Suzuki Dzire,Maruti,2015,450000,104000,Diesel,398306.8047937453
118,Toyota Etios Liva,Toyota,2014,270000,55000,Petrol,302245.0489091873
119,Hyundai i20 Sportz,Hyundai,2011,350000,33333,Diesel,252717.9422639534
120,Chevrolet Spark,Chevrolet,2012,158400,33600,Petrol,160275.98774892837
121,Maruti Suzuki Alto,Maruti,2017,350000,5600,Petrol,280846.64620692283
122,Nissan Micra XV,Nissan,2011,179000,41000,Petrol,179297.04925131798
123,Maruti Suzuki Swift,Maruti,2007,125000,70000,Petrol,158196.43999148905
124,Maruti Suzuki Alto,Maruti,2018,200000,7500,Petrol,301007.38967006654
125,Honda Amaze 1.5,Honda,2013,299000,45000,Diesel,263513.1129286438
126,Maruti Suzuki Alto,Maruti,2015,220000,38000,Petrol,234687.63658043742
127,Chevrolet Beat,Chevrolet,2015,150000,30000,Petrol,151623.20509762317
128,Honda City 1.5,Honda,2010,285000,35000,Petrol,286896.66927297413
129,Ford EcoSport Trend,Ford,2016,830000,24330,Diesel,588325.215846613
130,Hyundai i20 Asta,Hyundai,2009,210000,65480,Petrol,258852.07040587068
131,Maruti Suzuki Swift,Maruti,2013,340000,41000,Petrol,285675.70510978997
132,Tata Indica V2,Tata,2006,90000,20000,Petrol,52460.95786525309
133,Hindustan Motors Ambassador,Hindustan,2000,70000,200000,Diesel,429764.6303665191
134,Toyota Corolla Altis,Toyota,2010,289999,70000,Petrol,331856.69685774297
135,Toyota Corolla Altis,Toyota,2012,349999,59000,Petrol,374564.7952747196
136,Toyota Innova 2.5,Toyota,2012,849999,99000,Diesel,731112.3842070922
137,Volkswagen Jetta Highline,Volkswagen,2014,749999,46000,Diesel,749806.4277208075
138,Volkswagen Polo Comfortline,Volkswagen,2015,399999,2800,Petrol,401590.132711485
139,Volkswagen Polo,Volkswagen,2014,274999,32000,Petrol,289612.3239283487
140,Mahindra Scorpio,Mahindra,2015,984999,22000,Diesel,779062.2024638802
141,Renault Duster,Renault,2014,449999,50000,Diesel,518938.1070720628
142,Honda Amaze,Honda,2015,344999,22000,Petrol,318880.697953932
143,Nissan Sunny,Nissan,2012,224999,45000,Petrol,225368.69086427242
144,Hyundai Elite i20,Hyundai,2018,599999,21000,Petrol,519226.3219988942
145,Renault Kwid,Renault,2016,244999,11000,Petrol,246046.90835365653
146,Renault Duster,Renault,2013,399999,41000,Diesel,499922.29209432006
147,Ford EcoSport,Ford,2017,489999,39000,Petrol,487658.447214596
148,Renault Duster,Renault,2014,474999,50000,Diesel,518938.1070720628
149,Mahindra Scorpio VLX,Mahindra,2011,499999,66000,Diesel,562418.30838117
150,Maruti Suzuki Alto,Maruti,2018,310000,3000,Petrol,301733.048569262
151,Chevrolet Spark LT,Chevrolet,2010,85000,45000,Petrol,108474.06529226154
152,Datsun Redi GO,Datsun,2016,245000,7000,Petrol,221287.47385010123
153,Maruti Suzuki Swift,Maruti,2010,189500,38500,Diesel,239719.38781698048
154,Fiat Punto Emotion,Fiat,2012,169500,37200,Diesel,168846.34227582812
155,Maruti Suzuki Swift,Maruti,2010,159500,43200,Diesel,238961.47741115093
156,Toyota Etios GD,Toyota,2013,275000,24800,Petrol,306103.37823805213
157,Hyundai i20 Sportz,Hyundai,2014,370000,60000,Diesel,309819.0859557241
158,Hyundai i10 Sportz,Hyundai,2010,168000,45872,Petrol,184426.77119261026
159,Chevrolet Beat LT,Chevrolet,2011,150000,40000,Diesel,121726.72584176809
160,Chevrolet Beat LS,Chevrolet,2011,145000,45000,Diesel,132166.68488825858
161,Chevrolet Beat LT,Chevrolet,2012,98500,38000,Diesel,142516.37368422002
162,Mahindra Scorpio VLX,Mahindra,2014,699000,50000,Diesel,626399.8272400573
163,Tata Indigo CS,Tata,2011,85000,11400,Diesel,81141.92738637328
164,Toyota Corolla Altis,Toyota,2015,575000,42000,Petrol,438707.5716667548
165,Honda City 1.5,Honda,2014,549000,39000,Petrol,368120.1702448949
166,Maruti Suzuki Swift,Maruti,2011,209000,47000,Diesel,258815.83156129718
167,Hyundai Eon Era,Hyundai,2013,185000,27000,Petrol,159611.94347070903
168,Mahindra Scorpio S10,Mahindra,2015,900000,97200,Diesel,562983.1624451354
169,Mahindra XUV500,Mahindra,2014,699999,52000,Diesel,826605.4486002177
170,Honda Brio,Honda,2012,224999,30000,Petrol,226008.45505260676
171,Ford Fiesta,Ford,2011,274999,55000,Diesel,269301.3728012517
172,Honda Amaze,Honda,2013,284999,46000,Diesel,289118.1888086498
173,Honda City,Honda,2015,599999,30000,Diesel,544072.840958938
174,Maruti Suzuki Wagon,Maruti,2012,199999,44000,Petrol,199418.47145429254
175,Honda City,Honda,2014,544999,45000,Diesel,521186.845185481
176,Hyundai i20,Hyundai,2009,199000,31000,Petrol,273152.7080530822
177,Tata Indigo eCS,Tata,2016,320000,175430,Diesel,226132.58140864223
178,Hyundai Fluidic Verna,Hyundai,2015,540000,38000,Diesel,493880.98430404067
179,Mahindra Quanto C8,Mahindra,2013,340000,37000,Diesel,362968.1428723335
180,Fiat Petra ELX,Fiat,2008,75000,65000,Petrol,71371.44834954292
181,Skoda Fabia 1.2L,Skoda,2011,159500,38200,Diesel,156368.95928490162
182,Mini Cooper S,Mini,2013,1891111,13000,Petrol,1890672.8541892692
183,Hyundai Santro Xing,Hyundai,2005,49000,7500,Petrol,74186.8143555373
184,Maruti Suzuki Ciaz,Maruti,2016,700000,3350,Petrol,678917.8701487631
185,Maruti Suzuki Zen,Maruti,2000,55000,60000,Petrol,-10800.423645064235
186,Honda City,Honda,2015,448999,54000,Petrol,525160.7229605168
187,Hyundai Creta 1.6,Hyundai,2017,895000,32000,Petrol,1005505.6280939803
188,Mahindra Scorpio SLX,Mahindra,2007,355000,75000,Diesel,300881.34590198845
189,Mahindra Scorpio SLE,Mahindra,2012,565000,62000,Diesel,461593.984460026
190,Toyota Innova 2.5,Toyota,2006,365000,73000,Diesel,612502.2834123
191,Maruti Suzuki Alto,Maruti,2011,145000,41000,Petrol,152335.3328764215
192,Maruti Suzuki Wagon,Maruti,2011,210000,35000,Petrol,180402.65647654235
193,Tata Nano Cx,Tata,2013,40000,2200,Petrol,41125.62305570394
194,Maruti Suzuki Alto,Maruti,2013,125000,39000,Petrol,193592.11349500716
195,Maruti Suzuki Wagon,Maruti,2009,135000,45000,Petrol,137855.81559272856
196,Maruti Suzuki Swift,Maruti,2006,135000,45000,Petrol,141760.74554422498
197,Tata Sumo Victa,Tata,2012,285000,65000,Diesel,283860.59427113086
198,Maruti Suzuki Wagon,Maruti,2010,145000,54870,Petrol,156731.33651661873
199,Maruti Suzuki Alto,Maruti,2010,135000,34580,Petrol,132903.47346314043
200,Volkswagen Passat Diesel,Volkswagen,2009,450000,97000,Diesel,448852.894392699
201,Renault Scala RxL,Renault,2015,375000,25000,Diesel,374472.2000325471
202,Mahindra Quanto C8,Mahindra,2013,375000,20000,Diesel,365709.52093596756
203,Hyundai Grand i10,Hyundai,2014,365000,20000,Petrol,349171.92145820707
204,Hyundai i20 Active,Hyundai,2015,500000,18000,Petrol,528321.3104276732
205,Mahindra Xylo E4,Mahindra,2012,400000,35000,Diesel,400927.6073615402
206,Mahindra Jeep MM,Mahindra,2019,390000,60,Diesel,551383.7186278179
207,Renault Duster 110PS,Renault,2012,501000,35000,Diesel,499850.0441142097
208,Mahindra Bolero SLE,Mahindra,2013,330000,80200,Diesel,330200.50061454624
209,Force Motors Force,Force,2015,580000,3200,Diesel,583123.6718677133
210,Maruti Suzuki SX4,Maruti,2012,265000,46000,Diesel,431365.129279159
211,Mahindra Jeep CL550,Mahindra,2019,379000,0,Diesel,490389.77515069395
212,Maruti Suzuki Alto,Maruti,2015,219000,5000,Petrol,240009.13517454267
213,Mahindra Jeep CL550,Mahindra,2018,385000,588,Diesel,469827.8229450658
214,Toyota Etios,Toyota,2011,275000,36000,Diesel,272957.6487948522
215,Volkswagen Polo,Volkswagen,2015,330000,38000,Diesel,324153.84870826453
216,Honda City ZX,Honda,2008,110000,45000,Petrol,110638.80946690589
217,Maruti Suzuki Wagon,Maruti,2006,80000,71200,Petrol,72229.46989566088
218,Honda City VX,Honda,2016,519000,52000,Diesel,699077.8873912096
219,Mahindra Thar CRDe,Mahindra,2016,730000,29000,Diesel,731686.174118042
220,Mitsubishi Pajero Sport,Mitsubishi,2015,1475000,47000,Diesel,1555288.9187644124
221,Audi A4 1.8,Audi,2009,699000,47000,Petrol,698091.7498754412
222,Mercedes Benz GLA,Mercedes,2015,2000000,20000,Diesel,1997250.631111592
223,Land Rover Freelander,Land,2015,2100000,30000,Diesel,2101220.38395305
224,Renault Kwid RXT,Renault,2017,340000,5000,Petrol,318509.9907088354
225,Tata Aria Pleasure,Tata,2014,390000,35000,Diesel,389231.53069257736
226,Mercedes Benz B,Mercedes,2014,1400000,31000,Petrol,1398012.0957980752
227,Datsun GO T,Datsun,2016,245000,7000,Petrol,250456.1081980914
228,Tata Indigo eCS,Tata,2016,320000,175430,Diesel,226132.58140864223
229,Tata Indigo eCS,Tata,2016,320000,175400,Diesel,226137.4191346392
230,Honda Jazz VX,Honda,2016,450000,41000,Petrol,451170.2877617702
231,Honda Amaze 1.2,Honda,2014,311000,33000,Petrol,336932.6461271122
232,Honda Amaze,Honda,2013,284999,46000,Diesel,289118.1888086498
233,Honda City,Honda,2012,399999,45000,Petrol,465210.64243050665
234,Honda City,Honda,2015,599999,39000,Diesel,542621.523160547
235,Honda Amaze,Honda,2015,344999,22000,Petrol,318880.697953932
236,Audi A4 1.8,Audi,2009,699000,47000,Petrol,698091.7498754412
237,Force Motors Force,Force,2015,580000,3200,Diesel,583123.6718677133
238,Mahindra Scorpio S4,Mahindra,2015,855000,30000,Diesel,838516.6401615068
239,Hyundai i20 Active,Hyundai,2015,535000,37000,Diesel,540299.3545004427
240,Mini Cooper S,Mini,2013,1891111,13000,Petrol,1890672.8541892692
241,Maruti Suzuki Ciaz,Maruti,2017,699000,14000,Petrol,697667.610196799
242,Chevrolet Tavera Neo,Chevrolet,2013,375000,55000,Diesel,449125.91426146775
243,Honda Amaze,Honda,2013,284999,46000,Diesel,289118.1888086498
244,Hyundai Eon Sportz,Hyundai,2012,178000,30000,Petrol,178571.11142858863
245,Tata Sumo Gold,Tata,2013,300000,50000,Diesel,251315.02982277423
246,Maruti Suzuki Wagon,Maruti,2003,90000,45000,Petrol,15053.018935911357
247,Maruti Suzuki Esteem,Maruti,2006,95000,45000,Petrol,95795.27836417407
248,Maruti Suzuki Eeco,Maruti,2015,255000,9300,Petrol,275203.5208554715
249,Chevrolet Enjoy 1.4,Chevrolet,2013,245000,55000,Diesel,244057.18656606972
250,Hyundai i20 Asta,Hyundai,2012,329500,36200,Diesel,340017.0265077576
251,Ford Figo Diesel,Ford,2014,195000,50000,Diesel,224055.24336984754
252,Maruti Suzuki Eeco,Maruti,2015,251111,55000,Petrol,267834.05159029365
253,Maruti Suzuki Ertiga,Maruti,2014,569999,45000,Petrol,568589.0516483039
254,Maruti Suzuki Esteem,Maruti,2007,69999,51000,Petrol,115294.8659413755
255,Maruti Suzuki Ritz,Maruti,2014,299999,19000,Petrol,269442.18550299853
256,Maruti Suzuki Dzire,Maruti,2009,220000,46000,Petrol,269815.0078572035
257,Maruti Suzuki Ritz,Maruti,2013,399999,33000,Diesel,261759.38446540385
258,Maruti Suzuki SX4,Maruti,2010,249999,36000,Petrol,377001.50185572356
259,Maruti Suzuki Wagon,Maruti,2015,289999,22000,Petrol,264367.53551210463
260,Mini Cooper S,Mini,2013,1891111,13500,Petrol,1890592.2254226953
261,Nissan Terrano XL,Nissan,2015,499999,60000,Diesel,498120.3018109128
262,Renault Duster 85,Renault,2013,489999,27000,Diesel,498431.48945866525
263,Renault Duster 85,Renault,2014,489999,59000,Diesel,513738.3811738491
264,Renault Duster 85,Renault,2015,549999,19000,Diesel,540655.8152761832
265,Maruti Suzuki Dzire,Maruti,2013,380000,30000,Petrol,354263.659492217
266,Renault Kwid RXT,Renault,2018,325000,15000,Petrol,337364.5481534302
267,Maruti Suzuki Maruti,Maruti,2003,57000,56758,Petrol,113521.60285315663
268,Renault Kwid 1.0,Renault,2018,349999,10000,Petrol,320678.8153538704
269,Renault Lodgy 85,Renault,2018,689999,20000,Diesel,688879.3248121142
270,Renault Scala RxL,Renault,2014,349999,49000,Diesel,350134.8864606917
271,Hyundai Grand i10,Hyundai,2014,410000,41000,Petrol,345785.5132619515
272,Maruti Suzuki Swift,Maruti,2011,225000,45000,Petrol,244096.409424901
273,Chevrolet Beat LS,Chevrolet,2010,120000,43000,Petrol,96980.12997572124
274,Tata Indigo eCS,Tata,2016,320000,175430,Diesel,226132.58140864223
275,Hyundai Santro Xing,Hyundai,2000,59000,56450,Petrol,-36042.405773065984
276,Hyundai Fluidic Verna,Hyundai,2015,540000,38000,Diesel,493880.98430404067
277,Chevrolet Beat LS,Chevrolet,2010,80000,56000,Petrol,94883.78204470873
278,Mahindra Quanto C8,Mahindra,2013,340000,37000,Diesel,362968.1428723335
279,Fiat Petra ELX,Fiat,2008,75000,65000,Petrol,71371.44834954292
280,Chevrolet Beat LS,Chevrolet,2015,220000,32700,Petrol,200976.7464479059
281,Skoda Fabia 1.2L,Skoda,2011,159500,38200,Diesel,156368.95928490162
282,Ford EcoSport Titanium,Ford,2016,599000,30000,Diesel,590853.5111725032
283,Hyundai Accent GLX,Hyundai,2006,80000,56000,Petrol,80562.70288882405
284,Mahindra TUV300 T4,Mahindra,2016,675000,9000,Diesel,590670.0719939992
285,Mini Cooper S,Mini,2013,1891111,13000,Petrol,1890672.8541892692
286,Mini Cooper S,Mini,2013,1891111,13000,Petrol,1890672.8541892692
287,Tata Indica V2,Tata,2008,150000,11000,Petrol,94846.54121591151
288,Mini Cooper S,Mini,2013,1891111,13000,Petrol,1890672.8541892692
289,Tata Indigo CS,Tata,2009,72500,46000,Diesel,34628.151186950505
290,Maruti Suzuki Swift,Maruti,2019,610000,73,Petrol,415078.2888260335
291,Mahindra Scorpio VLX,Mahindra,2004,230000,160000,Diesel,403990.17083167285
292,Honda Accord,Honda,2009,175000,58559,Petrol,175623.60146559775
293,Mahindra Scorpio S4,Mahindra,2015,855000,30000,Diesel,838516.6401615068
294,Chevrolet Tavera Neo,Chevrolet,2013,375000,55000,Diesel,449125.91426146775
295,Ford EcoSport Titanium,Ford,2014,520000,57000,Diesel,545565.2922250554
296,Maruti Suzuki Ertiga,Maruti,2015,524999,50000,Diesel,603291.833961375
297,Honda Amaze,Honda,2014,299999,37000,Petrol,295994.70218046755
298,Maruti Suzuki Dzire,Maruti,2012,299999,40000,Petrol,332183.9513845369
299,Honda City,Honda,2011,284999,55000,Petrol,443130.93432281166
300,Mahindra Scorpio 2.6,Mahindra,2007,220000,170000,Diesel,227945.44324523956
301,Maruti Suzuki Dzire,Maruti,2014,424999,55000,Diesel,385741.291142188
302,Honda City,Honda,2015,644999,39000,Petrol,527579.5859578401
303,Honda Mobilio,Honda,2014,399999,44000,Petrol,401128.57939741015
304,Toyota Corolla Altis,Toyota,2009,199999,65000,Petrol,312195.8517473787
305,Honda City,Honda,2014,584999,39000,Petrol,507112.4531816989
306,Skoda Laura,Skoda,2012,349999,44000,Diesel,352800.6497455612
307,Renault Duster,Renault,2015,449999,49000,Diesel,539566.4973813593
308,Maruti Suzuki Ertiga,Maruti,2018,799999,9000,Diesel,671304.791149132
309,Maruti Suzuki Dzire,Maruti,2015,444999,45000,Diesel,407820.999249883
310,Mahindra XUV500,Mahindra,2014,649999,47000,Diesel,827411.7362659946
311,Hyundai Verna Fluidic,Hyundai,2012,444999,40000,Diesel,430898.8719706312
312,Maruti Suzuki Vitara,Maruti,2016,689999,29000,Diesel,558740.2406137735
313,Maruti Suzuki Wagon,Maruti,2016,344999,15000,Petrol,285963.47102031857
314,Mahindra Scorpio,Mahindra,2015,944999,45000,Diesel,775353.2792013213
315,Honda Amaze,Honda,2014,274999,35000,Petrol,296317.2172467783
316,Mahindra XUV500,Mahindra,2013,689999,80000,Diesel,801623.1048957482
317,Mahindra Scorpio,Mahindra,2013,574999,68000,Diesel,730710.0903864801
318,Skoda Laura,Skoda,2013,374999,50000,Diesel,372300.2373227626
319,Volkswagen Polo,Volkswagen,2010,199999,60000,Diesel,218270.51909817755
320,Hyundai Elite i20,Hyundai,2016,549999,9000,Petrol,480227.14684447646
321,Tata Manza Aura,Tata,2012,130000,72000,Diesel,128252.45161761343
322,Chevrolet Sail UVA,Chevrolet,2013,210000,60000,Petrol,211864.8628444597
323,Renault Duster 110,Renault,2012,501000,38000,Diesel,473690.45500171185
324,Hyundai Verna Fluidic,Hyundai,2013,401000,45000,Diesel,450559.71708099544
325,Audi A4 2.0,Audi,2012,1350000,40000,Diesel,1584002.4238821417
326,Hyundai Elantra SX,Hyundai,2013,600000,20000,Petrol,602105.0797327533
327,Mahindra Scorpio VLX,Mahindra,2013,610000,35000,Diesel,608351.5574612468
328,Mahindra KUV100 K8,Mahindra,2016,400000,20000,Diesel,474632.953690134
329,Renault Scala RxL,Renault,2015,375000,25000,Diesel,374472.2000325471
330,Mahindra Quanto C8,Mahindra,2013,375000,20000,Diesel,365709.52093596756
331,Hyundai Grand i10,Hyundai,2014,365000,20000,Petrol,349171.92145820707
332,Hyundai i20 Active,Hyundai,2015,500000,18000,Petrol,528321.3104276732
333,Mahindra Xylo E4,Mahindra,2012,400000,35000,Diesel,400927.6073615402
334,Hyundai Grand i10,Hyundai,2017,524999,6821,Petrol,412698.5328160599
335,Hyundai i20,Hyundai,2014,449999,23000,Petrol,376778.4321990013
336,Hyundai Eon,Hyundai,2014,174999,14000,Petrol,195851.3418598771
337,Hyundai i10,Hyundai,2012,244999,38000,Petrol,260501.4392966777
338,Hyundai i20 Active,Hyundai,2015,574999,35000,Diesel,540621.8695667535
339,Datsun Redi GO,Datsun,2017,244999,22000,Petrol,239335.74362891167
340,Toyota Etios Liva,Toyota,2011,239999,41000,Petrol,243101.2560449466
341,Hyundai Accent,Hyundai,2010,99999,45000,Petrol,100369.43270547688
342,Hyundai Verna,Hyundai,2014,489999,44000,Diesel,488543.2230240926
343,Maruti Suzuki Swift,Maruti,2013,324999,45000,Diesel,300072.6121798828
344,Toyota Fortuner,Toyota,2011,1074999,52000,Diesel,1073202.747264929
345,Hyundai i10 Sportz,Hyundai,2012,230000,34000,Petrol,227275.48617850244
346,Mahindra Bolero Power,Mahindra,2018,699000,1800,Diesel,700539.1142748222
347,Mahindra XUV500,Mahindra,2015,1000000,15000,Diesel,853039.1101030856
348,Honda City 1.5,Honda,2010,240000,400000,Petrol,228037.6696714759
349,Chevrolet Spark LT,Chevrolet,2009,110000,44000,Petrol,88168.1900492832
350,Mahindra Jeep MM,Mahindra,2019,390000,60,Diesel,551383.7186278179
351,Renault Duster 110PS,Renault,2012,501000,35000,Diesel,499850.0441142097
352,Mahindra XUV500,Mahindra,2016,1130000,72000,Diesel,864314.5634893999
353,Tata Indigo eCS,Tata,2014,250000,40000,Diesel,207037.42357151955
354,Mahindra Bolero SLE,Mahindra,2013,330000,80200,Diesel,330200.50061454624
355,Force Motors Force,Force,2015,580000,3200,Diesel,583123.6718677133
356,Skoda Rapid Elegance,Skoda,2013,340000,48000,Diesel,337938.21221452206
357,Tata Vista Quadrajet,Tata,2011,120000,90000,Diesel,118210.76906583458
358,Maruti Suzuki Alto,Maruti,2015,265000,12000,Petrol,238880.33244246244
359,Maruti Suzuki SX4,Maruti,2012,265000,46000,Diesel,431365.129279159
360,Maruti Suzuki Zen,Maruti,2003,85000,69900,Petrol,49004.5251051113
361,Mahindra Jeep CL550,Mahindra,2019,379000,0,Diesel,490389.77515069395
362,Hyundai i10 Magna,Hyundai,2011,175000,45000,Petrol,299896.09224205464
363,Maruti Suzuki Alto,Maruti,2015,219000,5000,Petrol,240009.13517454267
364,Maruti Suzuki Swift,Maruti,2016,350000,166000,Diesel,341961.8489965573
365,Honda City ZX,Honda,2008,149000,42000,Petrol,111122.58206636459
366,Mahindra Jeep CL550,Mahindra,2018,385000,588,Diesel,469827.8229450658
367,Mahindra Jeep MM,Mahindra,2006,425000,122,Diesel,285300.9945709929
368,Chevrolet Beat Diesel,Chevrolet,2017,150000,62000,Diesel,194140.116086334
369,Honda City 1.5,Honda,2010,225000,70000,Petrol,281252.6556125581
370,Hyundai Verna 1.4,Hyundai,2014,375000,36000,Petrol,376115.57055864483
371,Toyota Innova 2.5,Toyota,2012,770000,0,Diesel,747076.8799894154
372,Maruti Suzuki Maruti,Maruti,1995,30000,55000,Petrol,-49931.968612656
373,Toyota Etios,Toyota,2011,275000,36000,Diesel,272957.6487948522
374,Volkswagen Polo,Volkswagen,2015,330000,38000,Diesel,324153.84870826453
375,Maruti Suzuki Swift,Maruti,2014,335000,55000,Diesel,318927.1696244627
376,Hyundai Elite i20,Hyundai,2015,450000,20000,Diesel,473028.11840634793
377,Maruti Suzuki Swift,Maruti,2012,225000,40000,Petrol,265369.82986681163
378,Maruti Suzuki Versa,Maruti,2004,80000,50000,Petrol,90912.3090166375
379,Tata Indigo LX,Tata,2016,130000,104000,Diesel,180011.48788256198
380,Volkswagen Vento Konekt,Volkswagen,2011,245000,65000,Diesel,244703.71541640162
381,Mercedes Benz C,Mercedes,2002,399000,41000,Petrol,417754.2065677792
382,Maruti Suzuki Ertiga,Maruti,2013,450000,90000,Diesel,555907.2670829073
383,Honda City,Honda,2000,65000,80000,Petrol,213961.0354564488
384,Hyundai Santro Xing,Hyundai,2006,75000,46000,Petrol,88445.53210522234
385,Maruti Suzuki Omni,Maruti,2001,70000,70000,Petrol,-55367.31666505337
386,Hyundai Sonata Transform,Hyundai,2017,190000,36469,Diesel,187227.17269336432
387,Hyundai Elite i20,Hyundai,2018,600000,7800,Petrol,521354.92143653333
388,Volkswagen Vento Konekt,Volkswagen,2011,245000,65000,Diesel,244703.71541640162
389,Maruti Suzuki Alto,Maruti,2017,240000,60000,Petrol,272074.23640330136
390,Maruti Suzuki Alto,Maruti,2011,155000,32000,Petrol,153786.65067481995
391,Honda Jazz S,Honda,2009,169999,24695,Petrol,170762.1085792631
392,Hyundai Grand i10,Hyundai,2017,450000,15141,Petrol,411356.8701402098
393,Maruti Suzuki Zen,Maruti,2001,40000,40000,Petrol,12891.859794162214
394,Mahindra Scorpio W,Mahindra,2012,165000,65000,Diesel,164738.325604029
395,Maruti Suzuki Alto,Maruti,2014,270000,22000,Petrol,216800.6243347749
396,Hyundai Grand i10,Hyundai,2016,280000,59910,Diesel,398712.33606497943
397,Mahindra XUV500 W8,Mahindra,2012,560000,100000,Diesel,720862.724882178
398,Hyundai Creta 1.6,Hyundai,2016,950000,25000,Petrol,986167.2980499268
399,Hyundai i20 Magna,Hyundai,2013,310000,35000,Petrol,278803.1775746271
400,Renault Duster 85,Renault,2015,715000,65000,Diesel,533237.968751058
401,Hyundai Grand i10,Hyundai,2014,340000,35000,Petrol,346753.0584608838
402,Honda Brio V,Honda,2012,235000,33000,Petrol,235727.26969759166
403,Mahindra TUV300 T4,Mahindra,2017,610000,68000,Diesel,601623.0103139952
404,Chevrolet Spark LS,Chevrolet,2010,95000,23000,Petrol,104960.05171313137
405,Mahindra TUV300 T8,Mahindra,2018,1000000,4500,Diesel,1002644.0311760381
406,Maruti Suzuki Swift,Maruti,2015,220000,129000,Diesel,327461.24494715035
407,Nissan X Trail,Nissan,2019,1200000,300,Diesel,1200680.9970426038
408,Maruti Suzuki Alto,Maruti,2015,230000,5000,Petrol,240009.13517454267
409,Ford Ikon 1.3,Ford,2001,45000,65000,Petrol,-670.8505254387856
410,Toyota Fortuner 3.0,Toyota,2010,940000,131000,Diesel,1301677.7019617334
411,Tata Manza ELAN,Tata,2010,155555,111111,Petrol,156839.65638049692
412,Mercedes Benz A,Mercedes,2013,1500000,14000,Petrol,1498542.1863973364
413,Chevrolet Beat LS,Chevrolet,2016,210000,22000,Diesel,238211.27203150094
414,Ford EcoSport Trend,Ford,2013,495000,38000,Diesel,524719.4270399809
415,Tata Indigo LS,Tata,2016,125000,70000,Diesel,277345.1131820455
416,Hyundai i20 Magna,Hyundai,2010,195000,36000,Petrol,217240.52171306312
417,Volkswagen Vento Highline,Volkswagen,2015,550000,34000,Diesel,829885.5794642568
418,Renault Kwid RXT,Renault,2015,270000,43000,Petrol,271447.93889668584
419,Ford EcoSport Titanium,Ford,2014,500000,40000,Diesel,548306.670288682
420,Honda Amaze 1.5,Honda,2016,240000,160000,Diesel,306369.8949442506
421,Hyundai Verna 1.6,Hyundai,2017,800000,12000,Petrol,675908.7557292953
422,BMW 5 Series,BMW,2011,1299000,49000,Diesel,1002746.6882384121
423,Skoda Superb 1.8,Skoda,2011,530000,68000,Petrol,531670.1591392606
424,Audi Q3 2.0,Audi,2013,1499000,37000,Diesel,1497829.755124472
425,Mahindra Bolero DI,Mahindra,2012,220000,59466,Diesel,118281.96606205404
426,Mahindra Scorpio S10,Mahindra,2015,900000,97200,Diesel,562983.1624451354
427,Ford Figo Duratorq,Ford,2012,250000,99000,Diesel,243924.70409814268
428,Maruti Suzuki Wagon,Maruti,2018,395000,25500,Petrol,325204.5324744731
429,Mahindra Logan Diesel,Mahindra,2009,130000,66000,Petrol,132803.07407533377
430,Tata Nano GenX,Tata,2010,32000,44005,Petrol,33139.17985329032
431,Mahindra TUV300 T4,Mahindra,2016,540000,35000,Diesel,586477.3761319742
432,Mahindra TUV300 T4,Mahindra,2016,540000,35000,Diesel,586477.3761319742
433,Hyundai Elite i20,Hyundai,2015,405000,28000,Petrol,456696.12093839794
434,Hyundai Elite i20,Hyundai,2015,400000,30000,Petrol,456373.6058720872
435,Honda City SV,Honda,2017,760000,4000,Petrol,642615.6422358081
436,Maruti Suzuki Baleno,Maruti,2016,500000,28000,Petrol,520731.15170416236
437,Ford Figo Petrol,Ford,2011,175000,75000,Petrol,264743.75307879597
438,Mahindra Scorpio S10,Mahindra,2015,900000,97200,Diesel,562983.1624451354
439,Honda City,Honda,2017,750000,3000,Petrol,574319.1227036789
440,Hyundai Elite i20,Hyundai,2015,419000,20000,Petrol,457986.181203641
441,Maruti Suzuki Versa,Maruti,2004,90000,50000,Petrol,90912.3090166375
442,Hyundai Eon Era,Hyundai,2018,140000,2110,Petrol,265961.307351619
443,Mitsubishi Pajero Sport,Mitsubishi,2015,1540000,43222,Petrol,1540856.2125219554
444,Hyundai i10 Magna,Hyundai,2008,275000,100200,Petrol,229593.2780834958
445,Toyota Corolla H2,Toyota,2003,150000,100000,Petrol,148142.14582921565
446,Maruti Suzuki Swift,Maruti,2011,230000,65,Petrol,251342.51667720824
447,Tata Indigo CS,Tata,2015,123000,100000,Diesel,148723.0410534069
448,Mahindra Scorpio S10,Mahindra,2015,900000,97200,Diesel,562983.1624451354
449,Mahindra Scorpio S10,Mahindra,2015,900000,97200,Diesel,562983.1624451354
450,Hyundai Xcent Base,Hyundai,2016,300000,140000,Diesel,297231.76171031594
451,Honda City,Honda,2015,499999,55000,Petrol,524999.4654273614
452,Hyundai Accent Executive,Hyundai,2009,165000,48000,Petrol,165677.22448946536
453,Maruti Suzuki Baleno,Maruti,2016,498000,22000,Petrol,521698.69690309465
454,Tata Zest XE,Tata,2018,480000,103553,Diesel,408843.0634458512
455,Maruti Suzuki Dzire,Maruti,2017,488000,80000,Diesel,443111.25114172697
456,Tata Sumo Gold,Tata,2014,250000,99000,Diesel,263880.54347432405
457,Toyota Corolla Altis,Toyota,2010,220000,58000,Petrol,333791.7872556001
458,Maruti Suzuki Eeco,Maruti,2013,290000,70000,LPG,237319.5197230652
459,Toyota Fortuner 3.0,Toyota,2015,1525000,120000,Diesel,1405787.1987071186
460,Mahindra XUV500 W6,Mahindra,2013,548900,49800,Diesel,549845.7463694662
461,Tata Tigor Revotron,Tata,2019,650000,100,Diesel,350018.41307797283
462,Maruti Suzuki 800,Maruti,2001,55000,81876,Petrol,48463.01111628115
463,Maruti Suzuki Ertiga,Maruti,2015,550000,75000,Petrol,584218.4584297985
464,Maruti Suzuki Versa,Maruti,2004,90000,50000,Petrol,90912.3090166375
465,Honda Mobilio S,Honda,2014,399000,44000,Diesel,397164.9103457555
466,Maruti Suzuki Ertiga,Maruti,2016,730000,55000,Diesel,622952.6790717319
467,Maruti Suzuki Vitara,Maruti,2017,725000,36000,Diesel,578078.570657827
468,Hyundai Verna 1.6,Hyundai,2016,195000,56000,Diesel,663388.2286970541
469,Maruti Suzuki Swift,Maruti,2007,130000,62000,Petrol,159486.50025672466
470,Toyota Fortuner 3.0,Toyota,2015,1525000,120000,Diesel,1405787.1987071186
471,Maruti Suzuki Omni,Maruti,2014,190000,6020,Petrol,221022.6663959548
472,Honda Amaze,Honda,2013,250000,55700,Diesel,287553.9907370433
473,Tata Indica,Tata,2005,80000,42000,Petrol,81724.08245919645
474,Hyundai Santro Xing,Hyundai,2003,120000,50000,Petrol,26399.10364419222
475,Maruti Suzuki Zen,Maruti,2010,149000,35000,Petrol,197902.34244516492
476,Maruti Suzuki Wagon,Maruti,2014,250000,18500,Petrol,244464.80410200357
477,Maruti Suzuki Wagon,Maruti,2007,120000,7000,Petrol,103049.33630033582
478,Honda Brio VX,Honda,2017,450000,11000,Petrol,451230.85837744176
479,Maruti Suzuki Zen,Maruti,2003,99999,53000,Petrol,51729.777415424585
480,Maruti Suzuki Zen,Maruti,2008,135000,23000,Petrol,158903.16729074717
481,Maruti Suzuki Wagon,Maruti,2016,225000,35500,Diesel,297699.62879335135
482,Maruti Suzuki Alto,Maruti,2010,99000,22134,Petrol,134910.4847207889
483,Renault Kwid RXT,Renault,2019,370000,1000,Petrol,360089.28639373183
484,Tata Nano Lx,Tata,2010,52000,9000,Petrol,53376.83406726271
485,Jaguar XE XE,Jaguar,2016,2800000,8500,Petrol,2799362.158286758
486,Hyundai Eon Magna,Hyundai,2014,190000,35000,Petrol,207423.4747934267
487,Honda City 1.5,Honda,2014,499000,22000,Petrol,370861.54830852896
488,Hindustan Motors Ambassador,Hindustan,2002,90000,25000,Diesel,498918.964220874
489,Maruti Suzuki Ritz,Maruti,2010,149000,40000,Petrol,184187.24620220065
490,Hyundai Grand i10,Hyundai,2017,400000,20000,Petrol,410573.31978661567
491,Hyundai Eon D,Hyundai,2016,120000,87000,Petrol,196353.3061310202
492,Maruti Suzuki Swift,Maruti,2015,250000,55000,Petrol,324352.36519789696
493,Maruti Suzuki Wagon,Maruti,2017,375000,23000,Petrol,305140.5435312167
494,Honda Amaze 1.2,Honda,2014,381000,6000,Petrol,341286.59952228516
495,Maruti Suzuki Estilo,Maruti,2013,180000,65000,Petrol,206857.84346357733
496,Maruti Suzuki Vitara,Maruti,2016,580000,25000,Diesel,559385.270746395
497,Maruti Suzuki Eeco,Maruti,2015,278000,39000,Petrol,270414.1721207723
498,Hyundai Creta 1.6,Hyundai,2016,1000000,8000,Petrol,988908.6761135608
499,Mahindra Scorpio Vlx,Mahindra,2013,690000,75000,Diesel,691561.3428686783
500,Maruti Suzuki Ertiga,Maruti,2012,480000,51000,Diesel,541729.1780998111
501,Mitsubishi Lancer 1.8,Mitsubishi,2006,85000,50000,Petrol,94710.85745368898
502,Maruti Suzuki Maruti,Maruti,2001,40000,75000,Petrol,69645.67738106847
503,Maruti Suzuki Alto,Maruti,2015,90000,55800,Petrol,231817.25249028206
504,Hyundai Grand i10,Hyundai,2015,340000,53000,Petrol,364317.55564023554
505,Hyundai Eon D,Hyundai,2018,260000,25000,Petrol,247285.53873889148
506,Ford Fiesta SXi,Ford,2009,250000,56400,Petrol,247322.91789378226
507,Maruti Suzuki Ritz,Maruti,2010,180000,72160,Diesel,194043.14113865048
508,Hyundai Verna Fluidic,Hyundai,2012,350000,10000,Diesel,435736.59796527773
509,Maruti Suzuki Wagon,Maruti,2006,90001,48000,Petrol,75970.64466485381
510,Maruti Suzuki Estilo,Maruti,2007,115000,36000,Petrol,88731.5152682513
511,Audi A6 2.0,Audi,2012,1599000,11500,Diesel,1598399.523003973
512,Maruti Suzuki Wagon,Maruti,2003,130000,133000,Petrol,862.3560182899237
513,Maruti Suzuki Wagon,Maruti,2009,159000,27000,Petrol,140758.45118951052
514,Maruti Suzuki Wagon,Maruti,2009,160000,35000,Petrol,139468.39092427492
515,Maruti Suzuki Alto,Maruti,2010,110000,55000,Petrol,129610.5946361199
516,Maruti Suzuki Baleno,Maruti,2016,425000,40000,Petrol,518796.06130630523
517,Hyundai Verna 1.6,Hyundai,2019,900000,2000,Petrol,718455.5966131166
518,Maruti Suzuki Swift,Maruti,2009,150000,45000,Petrol,203162.14387263358
519,Hyundai Getz Prime,Hyundai,2009,110000,20000,Petrol,113348.74156714231
520,Hyundai Santro,Hyundai,2000,51999,88000,Petrol,21825.26763947308
521,Hyundai Getz Prime,Hyundai,2009,115000,20000,Petrol,113348.74156714231
522,Chevrolet Beat PS,Chevrolet,2012,215000,65422,Diesel,213976.62363764644
523,Ford EcoSport Trend,Ford,2017,580000,10000,Petrol,596061.231870152
524,Maruti Suzuki Dzire,Maruti,2013,380000,35000,Petrol,353457.37182644755
525,Hyundai Fluidic Verna,Hyundai,2013,350000,117000,Diesel,440207.37363253534
526,Tata Indica V2,Tata,2005,35000,150000,Diesel,26072.282981693745
527,BMW X1 xDrive20d,BMW,2011,1150000,72000,Diesel,1145841.8807923347
528,Hyundai i20 Asta,Hyundai,2010,300000,10750,Petrol,288144.8279715702
529,Honda City 1.5,Honda,2009,269000,55000,Petrol,263204.38583374023
530,Tata Nano,Tata,2013,60000,6800,Petrol,62127.327444031835
531,Chevrolet Cruze LTZ,Chevrolet,2014,400000,41000,Diesel,404566.0614908412
532,Hyundai Verna Fluidic,Hyundai,2015,430000,73000,Diesel,486978.77170493454
533,Maruti Suzuki Swift,Maruti,2011,140000,65000,Diesel,255913.19596450776
534,Mahindra XUV500 W10,Mahindra,2018,1299000,40000,Diesel,1200655.2072651312
535,Maruti Suzuki Alto,Maruti,2014,199000,37000,Petrol,214381.76133745164
536,Hyundai Accent GLE,Hyundai,2006,90000,55000,Petrol,90604.49772315472
537,Force Motors One,Force,2013,550000,140000,Diesel,551122.1646375284
538,Maruti Suzuki Alto,Maruti,2019,265000,9800,Petrol,321103.6301199421
539,Chevrolet Spark 1.0,Chevrolet,2011,100000,27000,Petrol,101769.44162528962
540,Hyundai i10,Hyundai,2009,215000,27000,Petrol,200873.87383297086
541,Toyota Etios Liva,Toyota,2012,380000,20000,Diesel,281996.7342200503
542,Renault Duster 85PS,Renault,2013,401919,57923,Diesel,400607.91184444726
543,Chevrolet Enjoy,Chevrolet,2014,490000,30201,Diesel,490003.08887731284
544,Maruti Suzuki Alto,Maruti,2017,280000,6200,Petrol,280749.8916870281
545,BMW 5 Series,BMW,2009,650000,37518,Petrol,948622.0444791168
546,Toyota Etios Liva,Toyota,2014,160000,24652,Petrol,307138.8925253749
547,Mahindra Jeep MM,Mahindra,2004,424000,383,Diesel,244324.64080256224
548,Chevrolet Beat LS,Chevrolet,2016,225000,95000,Diesel,226439.47211120278
549,Chevrolet Cruze LTZ,Chevrolet,2011,350000,35000,Diesel,344132.2083613649
550,Jeep Wrangler Unlimited,Jeep,2015,950000,3528,Diesel,956377.0613607168
551,Maruti Suzuki Ertiga,Maruti,2013,485000,52500,Diesel,561954.4245762154
552,Hyundai Verna VGT,Hyundai,2010,205000,47900,Diesel,202785.77204497904
553,Maruti Suzuki Omni,Maruti,2012,160000,14000,Petrol,178801.56572911143
554,Maruti Suzuki Celerio,Maruti,2018,310000,37000,Petrol,310677.2483173311
555,Tata Zest Quadrajet,Tata,2017,180000,90000,Diesel,177956.7295101583
556,Mahindra XUV500 W6,Mahindra,2013,549900,52800,Diesel,549361.97377
557,Tata Indigo CS,Tata,2016,150000,104000,Diesel,168545.14369691908
558,Hyundai i10 Era,Hyundai,2011,175000,30000,Petrol,301791.9382193908
559,Tata Indigo eCS,Tata,2014,95000,195000,Diesel,182042.50593253225
560,Tata Indigo LX,Tata,2016,230000,104000,Diesel,180011.48788256198
561,Tata Indigo eCS,Tata,2016,230000,104000,Diesel,237651.20700188726
562,Tata Indigo Marina,Tata,2004,180000,70000,Diesel,31739.519868411124
563,Hyundai Xcent SX,Hyundai,2015,400000,43000,Diesel,398135.2855329439
564,Hyundai Eon Magna,Hyundai,2013,185000,23000,Petrol,188891.43241514266
565,Renault Duster 85,Renault,2015,385000,51000,Diesel,535495.5742152259
566,Maruti Suzuki Alto,Maruti,2009,90000,62000,Petrol,108014.65912790596
567,Tata Nano LX,Tata,2010,32000,48008,Petrol,33120.49418909848
568,Renault Duster 110,Renault,2013,435000,39000,Diesel,493996.3302446902
569,Maruti Suzuki Wagon,Maruti,2010,225000,40000,Petrol,159129.23603463173
570,Maruti Suzuki Swift,Maruti,2006,189700,48247,Petrol,141237.14233406633
571,Maruti Suzuki Ertiga,Maruti,2012,389700,39000,Diesel,543664.2684976682
572,Maruti Suzuki Swift,Maruti,2014,365000,23000,Petrol,309045.4734827131
573,Maruti Suzuki Alto,Maruti,2017,360000,9400,Petrol,280233.86758093536
574,Hyundai i20 Magna,Hyundai,2010,210000,50000,Petrol,214982.91624889523
575,Hyundai i10 Magna,Hyundai,2009,170000,75000,Petrol,254124.10069514066
576,Tata Zest XE,Tata,2017,380000,70000,Diesel,393786.604679659
577,Mahindra Xylo E8,Mahindra,2009,295000,64000,Diesel,336484.42241694033
578,Toyota Corolla Altis,Toyota,2010,185000,55000,Petrol,334275.5598550588
579,Tata Manza Aqua,Tata,2014,160000,200000,Diesel,215447.36831964552
580,Renault Kwid 1.0,Renault,2018,290000,2137,Petrol,321946.7833370641
581,Tata Venture EX,Tata,2013,100000,30000,Diesel,98257.656453453
582,Maruti Suzuki Swift,Maruti,2014,315000,44000,Petrol,305659.065286465
583,Skoda Octavia Classic,Skoda,2006,114990,65000,Diesel,112569.73275503516
584,Maruti Suzuki Omni,Maruti,2012,120000,160000,LPG,168096.56257087737
585,Chevrolet Beat Diesel,Chevrolet,2011,125000,56000,Diesel,72304.86462844163
586,Tata Sumo Gold,Tata,2012,210000,75000,Diesel,226816.45871777087
587,Hyundai Verna 1.6,Hyundai,2018,855000,42000,Diesel,706580.0997134969
588,Tata Sumo Gold,Tata,2012,210000,75000,Diesel,226816.45871777087
589,Mahindra Scorpio 2.6,Mahindra,2007,260000,56000,Diesel,246328.80202487856
590,Maruti Suzuki Zen,Maruti,2002,95000,10544,Petrol,38108.994466908276
591,Maruti Suzuki Swift,Maruti,2011,255000,64000,Petrol,241032.5162949562
592,Mahindra Scorpio SLX,Mahindra,2008,300000,70000,Diesel,322154.7663438991
593,Hyundai Grand i10,Hyundai,2014,340000,25000,Petrol,348365.63379243016
594,Hyundai Elite i20,Hyundai,2017,550000,15000,Petrol,499726.7344216779
595,Ford Ikon 1.6,Ford,2003,60000,50000,Petrol,57124.18214982748
596,Toyota Innova 2.5,Toyota,2011,750000,147000,Diesel,702904.8898395225
597,Nissan Sunny XL,Nissan,2011,230000,52000,Petrol,230435.0494756028
598,Chevrolet Beat LT,Chevrolet,2012,130000,90001,Diesel,134130.8207026422
599,Maruti Suzuki Alto,Maruti,2017,270000,21000,Petrol,278363.2801963389
600,Maruti Suzuki Swift,Maruti,2012,280000,48006,Diesel,279120.73925908655
601,Maruti Suzuki Swift,Maruti,2012,280000,48006,Diesel,279120.73925908655
602,Maruti Suzuki Swift,Maruti,2012,280000,48006,Diesel,279120.73925908655
603,Toyota Innova 2.0,Toyota,2012,600000,80000,Diesel,621196.0534123406
604,Maruti Suzuki Swift,Maruti,2010,190000,74000,Diesel,233994.74538998306
605,Hyundai Elite i20,Hyundai,2015,500000,22000,Petrol,457663.66613733023
606,Mahindra XUV500 W10,Mahindra,2016,1065000,41000,Diesel,1159559.684179701
607,Volkswagen Polo Trendline,Volkswagen,2015,350000,25000,Diesel,348340.9140353352
608,Toyota Etios Liva,Toyota,2012,350000,85000,Diesel,271514.9945649877
609,Mahindra TUV300 T4,Mahindra,2016,540000,29500,Diesel,587364.292564325
610,Hyundai Elite i20,Hyundai,2015,470000,30000,Petrol,456373.6058720872
611,Hyundai Santro Xing,Hyundai,2014,179000,57000,Petrol,250408.76144960523
612,Maruti Suzuki Zen,Maruti,2003,48000,60000,Petrol,50600.974683344364
613,Maruti Suzuki Ciaz,Maruti,2016,650000,50000,Petrol,671395.2062270939
614,Hyundai Eon Era,Hyundai,2013,190000,39700,Petrol,157563.97279964387
615,Hyundai Elantra 1.8,Hyundai,2012,500000,65000,Petrol,501603.2211968377
616,Maruti Suzuki Swift,Maruti,2010,270000,67000,Diesel,235123.54812206328
617,Maruti Suzuki Zen,Maruti,2008,125000,46000,Petrol,155194.2440281883
618,Hyundai Eon Era,Hyundai,2012,188000,38000,Petrol,137370.97782987356
619,Hyundai Grand i10,Hyundai,2016,380000,27000,Petrol,388977.3842783943
620,Hyundai Verna Fluidic,Hyundai,2011,365000,43000,Diesel,409947.96659502387
621,Ford EcoSport Trend,Ford,2014,465000,47000,Petrol,528693.3048150167
622,Hyundai i20 Magna,Hyundai,2011,240000,42000,Petrol,236740.10929026455
623,Chevrolet Beat Diesel,Chevrolet,2016,179999,19336,Diesel,180552.8747047186
624,Tata Indica eV2,Tata,2015,140000,60105,Diesel,105741.6209416017
625,Jaguar XF 2.2,Jaguar,2013,2190000,29000,Diesel,1739600.0387991518
626,Audi Q5 2.0,Audi,2014,2390000,34000,Diesel,2392072.3005404174
627,BMW 3 Series,BMW,2011,1075000,35000,Diesel,848886.7528403103
628,Maruti Suzuki Swift,Maruti,2015,475000,22000,Petrol,329673.86379200965
629,BMW X1 sDrive20d,BMW,2012,1025000,41000,Diesel,1020443.0328260809
630,Maruti Suzuki S,Maruti,2016,615000,21000,Diesel,614082.2796210572
631,Maruti Suzuki Ertiga,Maruti,2013,475000,48000,Diesel,562680.0834754109
632,Maruti Suzuki Alto,Maruti,2016,270000,38000,Petrol,255154.76935657114
633,Honda City SV,Honda,2014,475000,34000,Diesel,591418.4551154673
634,Volkswagen Vento Comfortline,Volkswagen,2011,240000,45933,Petrol,241113.63190025836
635,Honda City 1.5,Honda,2005,120000,68000,Petrol,179239.50679817796
636,Audi A4 2.0,Audi,2016,1900000,44000,Diesel,1665225.92485407
637,Mahindra KUV100,Mahindra,2017,360000,35000,Diesel,417497.7427470237
638,Tata Zest XE,Tata,2018,450000,102563,Diesel,409002.70840367675
639,Mahindra XUV500 W8,Mahindra,2015,900000,28600,Diesel,793777.9110778347
640,Maruti Suzuki Swift,Maruti,2017,650000,41800,Diesel,382457.1673905179
641,Tata Sumo Gold,Tata,2014,275000,116000,Diesel,261139.16541069
642,Maruti Suzuki Swift,Maruti,2009,210000,59000,Petrol,200904.53840846568
643,Mahindra Scorpio 2.6,Mahindra,2004,175000,58000,Diesel,184604.88863016665
644,Maruti Suzuki Omni,Maruti,2009,85000,45000,Petrol,112401.18387290835
645,Mitsubishi Pajero Sport,Mitsubishi,2015,1490000,42590,Diesel,1556000.0644856244
646,Renault Duster,Renault,2014,800000,7400,Diesel,525807.6779844537
647,Volkswagen Jetta Comfortline,Volkswagen,2009,450000,54500,Diesel,449051.2807950303
648,Maruti Suzuki Ertiga,Maruti,2012,1000000,200000,Diesel,517701.8056597486
649,Audi A4 2.0,Audi,2013,1510000,27000,Diesel,1606565.904589288
650,Volvo S80 Summum,Volvo,2015,1850000,42000,Diesel,1852120.5186536834
651,Toyota Corolla Altis,Toyota,2014,790000,29000,Petrol,420336.7868216261
652,Mitsubishi Pajero Sport,Mitsubishi,2015,1725000,37000,Diesel,1556901.4940959588
653,Chevrolet Beat LT,Chevrolet,2012,135000,36000,Petrol,127796.95154782385
654,BMW X1,BMW,2011,1000000,34000,Diesel,995462.3577804342
655,Datsun Redi GO,Datsun,2018,299999,7000,Petrol,262221.7394023761
656,Mercedes Benz C,Mercedes,2009,1225000,76000,Diesel,570422.0595430285
657,Mahindra Scorpio SLX,Mahindra,2004,175000,60000,Diesel,241898.81057090312
658,Volkswagen Vento Comfortline,Volkswagen,2011,200000,95000,Diesel,248243.14572366327
659,Tata Indigo CS,Tata,2017,270000,50000,Diesel,197720.1832634136
660,Ford Figo Petrol,Ford,2019,525000,0,Petrol,440575.130274497
661,Honda City ZX,Honda,2006,180000,50000,Petrol,68898.25624886155
662,Maruti Suzuki Wagon,Maruti,2008,140000,68000,Petrol,113679.75955402106
663,Ford EcoSport Trend,Ford,2014,400000,16000,Petrol,533692.2883428112
664,Maruti Suzuki Swift,Maruti,2016,499000,51000,Diesel,360506.46530935913
665,Maruti Suzuki Omni,Maruti,2009,85000,56000,Petrol,110627.35100819916
666,Maruti Suzuki Zen,Maruti,2004,70000,100000,Petrol,64617.806133285165
667,Renault Duster RxL,Renault,2015,550000,36000,Petrol,552143.0520683527
668,Maruti Suzuki Swift,Maruti,2014,370000,11523,Petrol,310896.22619073093
669,Maruti Suzuki Baleno,Maruti,2018,690000,1000,Petrol,566019.3706516176
670,Honda WR V,Honda,2009,250000,60000,Petrol,250895.32689835876
671,Tata Indigo CS,Tata,2016,110000,85000,Diesel,171609.03682686388
672,Renault Duster 110,Renault,2013,490000,38600,Diesel,494060.83325795084
673,Mahindra Scorpio LX,Mahindra,2009,320000,95500,Diesel,320409.8219671026
674,Maruti Suzuki Zen,Maruti,2004,68000,56000,Petrol,71713.13759209216
675,Maruti Suzuki Wagon,Maruti,2014,130000,37458,Petrol,241407.68378845602
676,Maruti Suzuki SX4,Maruti,2016,970000,85960,Diesel,506789.8093588352
677,Audi A3 Cabriolet,Audi,2015,3100000,12516,Petrol,3107690.0905318186
678,Hyundai Eon D,Hyundai,2018,280000,35000,Petrol,245672.96340734512
679,Maruti Suzuki Zen,Maruti,2009,125000,0,Petrol,183079.2233294472
680,Mahindra Scorpio SLX,Mahindra,2008,285000,80000,Diesel,320542.19101234525
681,Hyundai Santro AE,Hyundai,2011,165000,45000,Petrol,196883.01515533775
682,Maruti Suzuki Swift,Maruti,2009,250000,51000,Diesel,217236.53587640822
683,Mahindra Scorpio S4,Mahindra,2015,865000,30000,Diesel,838516.6401615068
684,Mahindra Xylo D2,Mahindra,2011,390000,48000,Diesel,375172.9892882928
685,Hyundai Santro,Hyundai,2003,60000,51000,Petrol,89193.19469460845
686,Chevrolet Beat LT,Chevrolet,2015,215000,90000,Diesel,195532.38028857857
687,Maruti Suzuki Swift,Maruti,2015,475000,43000,Diesel,341329.392798461
688,Mahindra XUV500 W8,Mahindra,2015,899000,53000,Diesel,789843.2272688597
689,Toyota Fortuner 3.0,Toyota,2013,1499000,97000,Diesel,1368561.8564174026
690,Maruti Suzuki Alto,Maruti,2013,240000,20000,Petrol,196656.00662495196
691,Hyundai Getz GLE,Hyundai,2007,99000,55000,Petrol,99558.44510637224
692,Maruti Suzuki Swift,Maruti,2014,260000,120000,Diesel,308445.4299694076
693,Hyundai Creta 1.6,Hyundai,2019,1200000,0,Petrol,1051600.134707205
694,Hyundai Santro Xing,Hyundai,2007,115000,46000,Petrol,108912.66488135606
695,Hyundai Santro Xing,Hyundai,2009,88000,43200,Petrol,150298.45152646303
696,Mahindra Xylo D2,Mahindra,2011,390000,56000,Diesel,373882.9290230498
697,Hyundai Santro Xing,Hyundai,2007,135000,42000,Petrol,109557.69501397014
698,Tata Indica V2,Tata,2009,90000,30600,Diesel,127194.96354492754
699,Hyundai i10 Sportz,Hyundai,2011,220000,38000,Petrol,206163.32326973975
700,Hyundai Grand i10,Hyundai,2017,424999,2550,Petrol,413387.263740167
701,Hyundai Santro Xing,Hyundai,2007,135000,47000,Petrol,108751.40734820068
702,Honda City 1.5,Honda,2005,95000,41000,Petrol,183593.46019335836
703,Nissan Micra XL,Nissan,2017,430000,62500,Diesel,585753.8517619446
704,Honda City 1.5,Honda,2005,115000,68000,Petrol,179239.50679817796
705,Maruti Suzuki Alto,Maruti,2015,215000,50000,Petrol,232752.5461825803
706,Maruti Suzuki Wagon,Maruti,2004,53000,69000,Petrol,31649.970916330814
707,Maruti Suzuki Ertiga,Maruti,2012,500000,48000,Diesel,542212.9506992772
708,Tata Indica eV2,Tata,2012,85000,55000,Diesel,45163.4423199445
709,Maruti Suzuki Omni,Maruti,2013,165000,25000,Petrol,197494.8656405434
710,Hyundai Eon Era,Hyundai,2014,200000,28400,Petrol,179853.3157004267
711,Hyundai Eon,Hyundai,2014,200000,28000,Petrol,193593.73639570922
712,Maruti Suzuki Swift,Maruti,2015,425000,42000,Diesel,341490.6503316164
713,Hyundai Verna 1.6,Hyundai,2012,600000,29000,Diesel,585873.6509876922
714,Chevrolet Tavera LS,Chevrolet,2005,130000,68485,Diesel,129203.01491179317
715,Tata Tiago Revotron,Tata,2018,430000,3500,Petrol,428420.8891450465
716,Tata Tiago Revotorq,Tata,2019,568500,0,Petrol,571121.2490868568
717,Maruti Suzuki Zen,Maruti,2006,71000,32000,Petrol,116517.58394008875
718,Mahindra KUV100 K8,Mahindra,2018,560000,8000,Diesel,517502.309640266
719,Ford EcoSport Titanium,Ford,2014,590000,34000,Diesel,549274.2154876143
720,Hindustan Motors Ambassador,Hindustan,1995,750000,37000,Petrol,338672.00718735904
721,Ford Fusion 1.4,Ford,2007,125000,85455,Diesel,118921.17873732746
722,Hyundai Santro Xing,Hyundai,2007,135000,46000,Petrol,108912.66488135606
723,Hyundai Santro,Hyundai,2002,60000,47000,Petrol,69371.09205108881
724,Fiat Linea Emotion,Fiat,2009,120000,64000,Petrol,122236.82450124621
725,Ford Ikon 1.3,Ford,2008,95000,46000,Petrol,145662.97203745693
726,Maruti Suzuki Omni,Maruti,2017,240000,8000,Petrol,282104.77480871975
727,Tata Indica V2,Tata,2012,115000,64000,Diesel,183210.36026596278
728,Mahindra Scorpio S4,Mahindra,2015,795000,63000,Diesel,833195.1415674016
729,Hyundai Santro Xing,Hyundai,2007,55000,65000,Petrol,105848.77175141126
730,Mahindra Xylo D2,Mahindra,2009,300000,62000,Diesel,331981.1182718575
731,Hyundai Grand i10,Hyundai,2014,320000,41000,Petrol,345785.5132619515
732,Maruti Suzuki Alto,Maruti,2015,265000,14000,Petrol,238557.81737615168
733,Toyota Corolla,Toyota,2006,160000,40000,Petrol,158220.94713360816
734,Hyundai Eon Magna,Hyundai,2017,300000,1600,Petrol,274210.8747292012
735,Tata Sumo Grande,Tata,2010,130000,90000,Diesel,128327.36282230169
736,Maruti Suzuki Swift,Maruti,2011,250000,58000,Diesel,257041.99869659543
737,Volkswagen Polo Highline1.2L,Volkswagen,2013,380000,27000,Petrol,413341.7260084599
738,Maruti Suzuki Alto,Maruti,2003,42000,60000,Petrol,-14465.62246260047
739,Tata Tiago Revotron,Tata,2017,400000,31000,Petrol,403519.1742071435
740,Maruti Suzuki Swift,Maruti,2009,120000,90000,Diesel,210947.4920833707
741,Maruti Suzuki Swift,Maruti,2009,120000,90000,Diesel,210947.4920833707
742,Tata Indigo eCS,Tata,2016,130000,150000,Diesel,230233.3604767695
743,Chevrolet Beat LS,Chevrolet,2014,189000,31000,Diesel,195825.68868082762
744,Mahindra Xylo E8,Mahindra,2011,365000,43000,Diesel,380805.0961654559
745,Hyundai Eon D,Hyundai,2013,170000,20000,Petrol,145756.1625239849
746,Tata Sumo Gold,Tata,2013,215000,100000,Petrol,228210.21596232802
747,Tata Nano,Tata,2013,60000,7000,Petrol,62095.07593740523
748,Hyundai Elite i20,Hyundai,2017,599999,31000,Petrol,497146.61389119923
749,Hyundai i10 Magna,Hyundai,2009,400000,33000,Petrol,260896.91708764434
750,Hyundai Creta,Hyundai,2016,900000,60000,Diesel,899832.8100975454
751,Volkswagen Polo,Volkswagen,2013,299999,48000,Diesel,281607.0078244433
752,Maruti Suzuki Dzire,Maruti,2014,374999,33000,Petrol,374247.019668892
753,Tata Bolt XM,Tata,2015,600000,15000,Petrol,602986.0475315452
754,Maruti Suzuki Alto,Maruti,2005,70000,47000,Petrol,28564.991020679474
755,Maruti Suzuki Alto,Maruti,2005,100000,40000,Petrol,29693.793752759695
756,Maruti Suzuki Ritz,Maruti,2010,150000,38000,Diesel,199551.69847121835
757,Maruti Suzuki Alto,Maruti,2017,225000,12500,Petrol,279733.9692281559
758,Maruti Suzuki Dzire,Maruti,2009,210000,42000,Petrol,270460.03798981756
759,Hyundai i20 Asta,Hyundai,2014,425000,31000,Petrol,366747.8940297216
760,Maruti Suzuki Swift,Maruti,2008,162000,60000,Diesel,195318.08530187607
761,Tata Indica V2,Tata,2005,60000,80000,Diesel,37360.31030252576
762,Mahindra Scorpio VLX,Mahindra,2014,650000,77000,Diesel,622045.8738448769
763,Toyota Innova 2.5,Toyota,2012,750000,75000,Diesel,734982.5650028065
764,Mahindra Xylo E8,Mahindra,2010,375000,40000,Diesel,360821.7359887883
765,Hyundai i20 Magna,Hyundai,2011,230000,47000,Petrol,235933.8216244951
766,Maruti Suzuki Omni,Maruti,2000,35999,60000,Petrol,-74221.87410964072
767,Mahindra KUV100,Mahindra,2016,380000,26500,Petrol,383359.3618000001
768,Mahindra KUV100 K8,Mahindra,2019,560000,2875,Petrol,523753.9500711113
769,Datsun Go Plus,Datsun,2016,285000,13900,Petrol,415938.61261130124
770,Ford Endeavor 4x4,Ford,2019,2900000,9000,Diesel,2903627.1821906716
771,Tata Indica V2,Tata,2005,39999,80000,Diesel,37360.31030252576
772,Hyundai Santro Xing,Hyundai,2006,85000,60000,Petrol,86187.92664105445
773,Maruti Suzuki Wagon,Maruti,2016,395000,20000,Petrol,285157.1833545491
774,Maruti Suzuki Swift,Maruti,2008,175000,58000,Diesel,195640.60036818683
775,Maruti Suzuki Alto,Maruti,2019,400000,1500,Petrol,322442.06764513254
776,Toyota Innova 2.5,Toyota,2011,750000,75000,Diesel,714515.4322266653
777,Maruti Suzuki Alto,Maruti,2016,250000,2450,Petrol,260887.4746602252
778,Maruti Suzuki Alto,Maruti,2019,425000,1625,Petrol,322421.91045348346
779,Volkswagen Polo Highline1.2L,Volkswagen,2017,525000,45000,Petrol,492307.6215162203
780,Mahindra Logan,Mahindra,2009,130000,65000,Diesel,129846.78191935271
781,Maruti Suzuki 800,Maruti,2000,30000,33400,Petrol,35812.99851735681
782,Mahindra Scorpio,Mahindra,2011,475000,60123,Diesel,691046.0504228696
783,Chevrolet Sail 1.2,Chevrolet,2013,300000,28000,Petrol,302348.37840839475
784,Hyundai Santro AE,Hyundai,2003,60000,70000,Petrol,29114.51461738348
785,Maruti Suzuki Wagon,Maruti,2006,100000,7000,Petrol,82582.20352420211
786,Hyundai Eon,Hyundai,2018,260000,25000,Petrol,275946.0400997251
787,Tata Manza,Tata,2015,100000,100000,Diesel,97771.96869448572
788,Toyota Etios G,Toyota,2013,265000,42000,Petrol,263045.1760437861
789,Hyundai Getz Prime,Hyundai,2009,115000,20000,Petrol,113348.74156714231
790,Toyota Qualis,Toyota,2003,180000,100000,Diesel,175292.5665158704
791,Hyundai Santro Xing,Hyundai,2004,45000,137495,Petrol,32757.008556947112
792,Tata Indica eV2,Tata,2016,50500,91200,Diesel,121194.45072428882
793,Honda City 1.5,Honda,2009,270000,55000,Petrol,263204.38583374023
794,Tata Zest XE,Tata,2017,290000,120000,Diesel,385723.7280219197
795,Mahindra Quanto C4,Mahindra,2013,325000,63000,Diesel,325262.2252980694
796,Tata Indigo eCS,Tata,2016,160000,104000,Diesel,237651.20700188726
797,Maruti Suzuki Swift,Maruti,2016,350000,146000,Diesel,345186.9996596575
798,Hyundai Elite i20,Hyundai,2011,290000,40000,Petrol,372892.49943599105
799,Hyundai i20 Select,Hyundai,2011,290000,40000,Petrol,291019.7206160575
800,Chevrolet Tavera Neo,Chevrolet,2007,465000,100800,Diesel,318937.52258616686
801,Maruti Suzuki Dzire,Maruti,2016,325000,150000,Diesel,411356.09104476124
802,Hyundai Elite i20,Hyundai,2018,510000,2100,Petrol,522274.08937551826
803,Honda City VX,Honda,2016,860000,95000,Petrol,677101.8762628511
804,Maruti Suzuki Dzire,Maruti,2016,450000,2500,Diesel,435141.57718509436
805,Hyundai Getz,Hyundai,2006,125000,80000,Petrol,125617.74405959994
806,Mercedes Benz C,Mercedes,2006,500001,15000,Petrol,503815.433534354
807,Maruti Suzuki Alto,Maruti,2005,95000,65000,Petrol,25662.355423890054
808,Maruti Suzuki Swift,Maruti,2009,250000,51000,Diesel,217236.53587640822
809,Skoda Fabia,Skoda,2009,110000,45000,Petrol,110377.12426635623
810,Maruti Suzuki Ritz,Maruti,2011,270000,50000,Petrol,203041.803646788
811,Tata Indica V2,Tata,2009,110000,30000,Diesel,127291.7180648148
812,Toyota Corolla Altis,Toyota,2009,300000,132000,Petrol,301391.59702601284
813,Tata Zest XM,Tata,2018,260000,27000,Diesel,258468.3566854596
814,Mahindra Quanto C8,Mahindra,2013,390000,40000,Diesel,362484.3702728674
